"(False, False, False, False, False, False, False, False, False, False, False, False, False, False, False, False, False, False, False, False, False, False, False, False, 'LOIN', False, True, True, False, False, False, False, False)",RIGHT,-51.386260922435426
"(False, False, False, False, False, False, False, False, False, False, False, False, False, False, False, False, False, False, False, False, False, False, False, False, 'LOIN', False, True, True, False, False, False, False, False)",UP,-51.757087046445164
"(False, False, False, False, False, False, False, False, False, False, False, False, False, False, False, False, False, False, False, False, False, False, False, False, 'LOIN', False, True, True, False, False, False, False, False)",DOWN,-30.014989131667434
"(False, False, False, False, False, False, False, False, False, False, False, False, False, False, False, False, False, False, False, False, False, False, False, False, 'LOIN', False, True, True, False, False, False, False, False)",LEFT,-51.515093609589435
"(False, False, False, False, False, False, False, False, False, False, False, False, False, False, False, False, False, False, False, False, False, False, False, False, 'LOIN', True, False, False, False, False, False, False, False)",DOWN,-13.764291709118107
"(False, False, False, False, False, False, False, False, False, False, False, False, False, False, False, False, False, False, False, False, False, False, False, False, 'LOIN', True, False, True, False, False, False, False, False)",RIGHT,-79.01177877407979
"(False, False, False, False, False, False, False, False, False, False, False, False, False, False, False, False, False, False, False, False, False, False, False, False, 'LOIN', True, False, True, False, False, False, False, False)",UP,-25.6846735628927
"(False, False, False, False, False, False, False, False, False, False, False, False, False, False, False, False, False, False, False, False, False, False, False, False, 'LOIN', True, False, False, False, False, False, False, False)",RIGHT,-11.618707280106978
"(False, False, False, False, False, False, False, False, False, False, False, False, False, False, False, False, False, False, False, False, False, False, False, False, 'LOIN', True, False, False, False, False, False, False, False)",LEFT,-11.618707280106978
"(False, False, False, False, False, False, False, False, False, False, False, False, False, False, False, False, False, False, False, False, False, False, False, False, 'LOIN', True, False, False, False, False, False, False, False)",UP,-15.262114197183479
"(False, False, False, False, False, False, False, False, False, False, False, False, False, False, False, False, False, False, False, False, False, False, False, False, 'LOIN', True, False, False, True, False, False, False, False)",UP,-63.7201452545711
"(False, False, False, False, False, False, False, False, False, False, False, False, False, False, False, False, False, False, False, False, False, False, False, False, 'LOIN', True, False, False, True, False, False, False, False)",DOWN,-63.7201452545711
"(False, False, False, False, False, False, False, False, False, False, False, False, False, False, False, False, False, False, False, False, False, False, False, False, 'LOIN', True, False, False, True, False, False, False, False)",LEFT,-64.198203801787
"(False, False, False, False, False, False, False, False, False, False, False, False, False, False, False, False, False, False, False, False, False, False, False, False, 'LOIN', True, False, False, True, False, False, False, False)",RIGHT,-30.00028672270556
"(False, False, False, False, False, False, False, False, False, False, False, False, False, False, False, False, False, False, False, False, False, False, False, False, 'LOIN', False, False, False, True, False, False, False, False)",LEFT,-1.2000000000000002
"(False, False, False, False, False, False, False, False, False, False, False, False, False, False, False, False, False, False, False, False, False, False, False, False, 'LOIN', False, True, False, True, False, False, False, False)",DOWN,-27.52283956128236
"(False, False, False, False, False, False, False, False, False, False, False, False, False, False, False, False, False, False, False, False, False, False, False, False, 'LOIN', False, True, False, True, False, False, False, False)",UP,-34.69025064887888
"(False, False, False, False, False, False, False, False, False, False, False, False, False, False, False, False, False, False, False, False, False, False, False, False, 'LOIN', False, True, False, True, False, False, False, False)",RIGHT,-34.37690790311722
"(False, False, False, False, False, False, False, False, False, False, False, False, False, False, False, False, False, False, False, False, False, False, False, False, 'MOYEN', False, False, False, True, False, False, False, False)",UP,-1.2000000000000002
"(False, False, False, False, False, False, False, False, False, False, False, False, False, False, False, False, False, False, False, False, False, False, False, False, 'LOIN', False, False, False, True, False, False, False, False)",UP,-1.2000000000000002
"(False, False, False, False, False, False, False, False, False, False, False, False, False, False, False, False, False, False, False, False, False, False, False, False, 'LOIN', False, False, False, True, False, False, False, False)",DOWN,-1.2000000000000002
"(False, False, False, False, False, False, False, False, False, False, False, False, False, False, False, False, False, False, False, False, False, False, False, False, 'LOIN', False, False, False, True, False, False, False, False)",RIGHT,-2.0862110515200003
"(False, False, False, False, False, False, False, False, False, False, False, False, False, False, False, False, False, False, False, False, False, False, False, False, 'LOIN', False, True, False, True, False, False, False, False)",LEFT,-34.37690790311722
"(False, False, False, False, False, False, False, False, False, False, False, False, False, False, False, False, False, False, False, False, False, False, False, False, 'LOIN', False, True, False, False, False, False, False, False)",LEFT,-26.540919341238688
"(False, False, False, False, False, False, False, False, False, False, False, False, False, False, False, False, False, False, False, False, False, False, False, False, 'LOIN', False, True, False, False, False, False, False, False)",UP,-26.896069797818722
"(False, False, False, False, False, False, False, False, False, False, False, False, False, False, False, False, False, False, False, False, False, False, False, False, 'LOIN', False, True, False, False, False, False, False, False)",RIGHT,-26.396790980456966
"(False, False, False, False, False, False, False, False, False, False, False, False, False, False, False, False, False, False, False, False, False, False, False, False, 'LOIN', False, True, False, False, False, False, False, False)",DOWN,-26.58145226576611
"(False, False, False, False, False, False, False, False, False, False, False, False, False, False, False, False, False, False, False, False, False, False, False, False, 'LOIN', True, False, True, False, False, False, False, False)",LEFT,-79.01482118600146
"(False, False, False, False, False, False, False, False, False, False, False, False, False, False, False, False, False, False, False, False, False, False, False, False, 'LOIN', True, False, True, False, False, False, False, False)",DOWN,-78.97377206875152
"(False, False, False, False, False, False, False, False, False, False, False, False, False, False, False, False, False, False, False, False, False, False, False, False, 'MOYEN', False, True, False, True, False, False, False, False)",LEFT,-5.5565351848499445
"(False, False, False, False, False, False, False, False, False, False, False, False, False, False, False, False, False, False, False, False, False, False, False, False, 'MOYEN', False, True, False, True, False, False, False, False)",RIGHT,-5.4951598079999995
"(False, False, False, False, False, False, False, False, False, False, False, False, False, False, False, False, False, False, False, False, False, False, False, False, 'MOYEN', False, True, False, True, False, False, False, False)",UP,-7.364654279866304
"(False, False, False, False, False, False, False, False, False, False, False, False, False, False, False, False, False, False, False, False, False, False, False, False, 'MOYEN', False, True, False, True, False, False, False, False)",DOWN,-6.097711217571805
"(False, False, False, False, False, False, False, False, False, False, False, False, False, False, False, False, False, False, False, False, False, False, False, False, 'LOIN', False, False, True, False, False, False, False, False)",RIGHT,-8.7542827300052
"(False, False, False, False, False, False, False, False, False, False, False, False, False, False, False, False, False, False, False, False, False, False, False, False, 'MOYEN', False, False, False, True, False, False, False, False)",LEFT,-1.2000000000000002
"(False, False, False, False, False, False, False, False, False, False, False, False, False, False, False, False, False, False, False, False, False, False, False, False, 'MOYEN', True, False, False, True, False, False, False, False)",DOWN,-7.157687539304207
"(False, False, False, False, False, False, False, False, False, False, False, False, False, False, False, False, False, False, False, False, False, False, False, False, 'MOYEN', True, False, False, True, False, False, False, False)",RIGHT,-1.2000000000000002
"(False, False, False, False, False, False, False, False, False, False, False, False, False, False, False, False, False, False, False, False, False, False, False, False, 'MOYEN', True, False, False, True, False, False, False, False)",UP,-6.965443118673126
"(False, False, False, False, False, False, False, False, False, False, False, False, False, False, False, False, False, False, False, False, False, False, False, False, 'MOYEN', True, False, False, True, False, False, False, False)",LEFT,-2.16
"(False, False, False, False, False, False, False, False, False, False, False, False, False, False, False, False, False, False, False, False, False, False, False, False, 'MOYEN', False, False, False, True, False, False, False, False)",RIGHT,-1.5456
"(False, False, False, False, False, False, False, False, False, False, False, False, False, False, False, False, False, False, False, False, False, False, False, False, 'MOYEN', True, False, True, False, False, False, False, False)",LEFT,-7.4796469872976425
"(False, False, False, False, False, False, False, False, False, False, False, False, False, False, False, False, False, False, False, False, False, False, False, False, 'MOYEN', False, False, True, False, False, False, False, False)",LEFT,-1.2000000000000002
"(False, False, False, False, False, False, False, False, False, False, False, False, False, False, False, False, False, False, False, False, False, False, False, False, 'MOYEN', False, True, True, False, False, False, False, False)",RIGHT,-1.2000000000000002
"(False, False, False, False, False, False, False, False, False, False, False, False, False, False, False, False, False, False, False, False, False, False, False, False, 'MOYEN', False, True, True, False, False, False, False, False)",UP,-1.2000000000000002
"(False, False, False, False, False, False, False, False, False, False, False, False, False, False, False, False, False, False, False, False, False, False, False, False, 'MOYEN', False, True, True, False, False, False, False, False)",DOWN,-2.3520000000000003
"(False, False, False, False, False, False, False, False, False, False, False, False, False, False, False, False, False, False, False, False, False, False, False, False, 'MOYEN', False, True, True, False, False, False, False, False)",LEFT,-7.705912656534864
"(False, False, False, False, False, False, False, False, False, False, False, False, False, False, False, False, False, False, False, False, False, False, False, False, 'LOIN', False, False, True, False, False, False, False, False)",LEFT,-8.291693221004783
"(False, False, False, False, False, False, False, False, False, False, False, False, False, False, False, False, False, False, False, False, False, False, False, False, 'MOYEN', True, False, False, False, False, False, False, False)",LEFT,-2.16
"(False, False, False, False, False, False, False, False, False, False, False, False, False, False, False, False, False, False, False, False, False, False, False, False, 'PROCHE', True, False, False, False, False, False, False, False)",DOWN,-1.2000000000000002
"(False, False, False, False, False, False, False, False, False, False, False, False, False, False, False, False, False, False, False, False, False, False, False, False, 'MOYEN', True, False, True, False, False, False, False, False)",RIGHT,-3.4579200000000005
"(False, False, False, False, False, False, False, False, False, False, False, False, False, False, False, False, False, False, False, False, False, False, False, False, 'MOYEN', True, False, True, False, False, False, False, False)",UP,-3.2736
"(False, False, False, False, False, False, False, False, False, False, False, False, False, False, False, False, False, False, False, False, False, False, False, False, 'MOYEN', True, False, False, False, False, False, False, False)",RIGHT,-1.2000000000000002
"(False, False, False, False, False, False, False, False, False, False, False, False, False, False, False, False, False, False, False, False, False, False, False, False, 'MOYEN', True, False, False, False, False, False, False, False)",UP,-1.3920000000000001
"(False, False, False, False, False, False, False, False, False, False, False, False, False, False, False, False, False, False, False, False, False, False, False, False, 'PROCHE', False, True, False, True, False, False, False, False)",DOWN,-1.2000000000000002
"(False, False, False, False, False, False, False, False, False, False, False, False, False, False, False, False, False, False, False, False, False, False, False, False, 'PROCHE', False, True, False, False, False, False, False, False)",RIGHT,2.0
"(False, False, False, False, False, False, False, False, False, False, False, True, False, False, False, False, False, False, False, False, False, False, False, False, 'MOYEN', False, True, False, True, True, False, False, False)",RIGHT,-1.2000000000000002
"(False, False, False, False, False, False, False, True, False, False, False, False, False, False, False, False, False, False, False, False, False, False, False, False, 'MOYEN', False, True, False, True, False, False, True, False)",RIGHT,-1.2000000000000002
"(False, False, False, False, False, False, False, True, False, False, False, False, False, False, False, False, False, False, False, False, False, False, False, False, 'MOYEN', False, True, False, True, False, False, True, False)",UP,-1.2000000000000002
"(False, False, False, False, False, False, False, False, False, False, False, False, True, False, False, False, False, False, False, False, False, False, False, False, 'MOYEN', False, True, False, True, False, True, False, False)",RIGHT,-1.2000000000000002
"(False, False, False, False, False, False, False, True, False, False, False, False, False, False, False, False, False, False, False, False, False, False, False, False, 'MOYEN', False, False, False, True, False, False, True, False)",DOWN,-1.2000000000000002
"(False, False, False, False, False, False, False, False, False, False, False, True, False, False, False, False, False, False, False, False, False, False, False, False, 'PROCHE', False, False, False, True, True, False, False, False)",RIGHT,-1.2000000000000002
"(False, False, False, False, False, False, False, True, False, False, False, False, False, False, False, False, False, False, False, False, False, False, False, False, 'MOYEN', True, False, False, True, False, False, True, False)",UP,-1.2000000000000002
"(False, False, False, False, False, False, False, False, False, False, False, False, True, False, False, False, False, False, False, False, False, False, False, False, 'MOYEN', True, False, False, True, False, True, False, False)",LEFT,-1.2000000000000002
"(False, False, False, False, False, False, False, False, False, False, False, False, False, False, False, False, True, False, False, False, False, False, False, False, 'MOYEN', False, False, False, True, False, False, False, True)",UP,-1.2000000000000002
"(False, False, False, False, False, False, False, False, False, False, False, False, True, False, False, False, False, False, False, False, False, False, False, False, 'MOYEN', False, False, False, True, False, True, False, False)",RIGHT,-1.2000000000000002
"(False, False, False, False, False, False, False, True, False, False, False, False, False, False, False, False, False, False, False, False, False, False, False, False, 'MOYEN', True, False, False, True, False, False, True, False)",DOWN,-1.2000000000000002
"(False, False, False, False, False, False, False, False, False, False, False, True, False, False, False, False, False, False, False, False, False, False, False, False, 'MOYEN', True, False, False, True, True, False, False, False)",DOWN,-1.2000000000000002
"(False, False, False, False, False, False, False, False, False, False, False, True, False, False, False, False, False, False, False, False, False, False, False, False, 'MOYEN', True, False, False, True, True, False, False, False)",LEFT,-1.2000000000000002
"(False, False, False, False, False, False, False, False, False, False, False, False, False, False, False, False, True, False, False, False, False, False, False, False, 'PROCHE', False, False, False, True, False, False, False, True)",UP,-1.2000000000000002
"(False, False, False, False, False, False, False, False, False, False, False, False, True, False, False, False, False, False, False, False, False, False, False, False, 'MOYEN', False, False, False, True, False, True, False, False)",DOWN,-1.2000000000000002
"(False, False, False, False, False, False, False, False, False, False, False, False, True, False, False, False, False, False, False, False, False, False, False, False, 'MOYEN', False, False, False, True, False, True, False, False)",LEFT,-1.2000000000000002
"(False, False, False, False, False, False, False, False, False, False, False, False, False, False, False, False, True, False, False, False, False, False, False, False, 'MOYEN', False, True, False, True, False, False, False, True)",RIGHT,-1.2000000000000002
"(False, False, False, False, False, False, False, False, False, False, False, False, False, False, False, False, True, False, False, False, False, False, False, False, 'LOIN', False, True, False, True, False, False, False, True)",UP,-2.16
"(False, False, False, False, False, False, False, False, False, False, False, False, True, False, False, False, False, False, False, False, False, False, False, False, 'LOIN', False, True, False, True, False, True, False, False)",LEFT,-1.2000000000000002
"(False, False, False, False, False, False, False, False, False, False, False, False, False, False, False, False, True, False, False, False, False, False, False, False, 'LOIN', False, True, False, True, False, False, False, True)",DOWN,-1.2000000000000002
"(False, False, False, False, False, False, False, False, False, False, False, True, False, False, False, False, False, False, False, False, False, False, False, False, 'LOIN', False, True, False, True, True, False, False, False)",UP,-2.16
"(False, False, False, False, False, False, False, False, False, False, False, True, False, False, False, False, False, False, False, False, False, False, False, False, 'LOIN', False, True, False, True, True, False, False, False)",LEFT,-1.2000000000000002
"(False, False, False, False, False, False, False, False, False, False, False, False, False, False, False, False, True, False, False, False, False, False, False, False, 'LOIN', False, True, False, True, False, False, False, True)",RIGHT,-1.2000000000000002
"(False, False, False, False, False, False, False, False, False, False, False, False, False, False, False, False, True, False, False, False, False, False, False, False, 'LOIN', False, True, False, True, False, False, False, True)",LEFT,-1.2000000000000002
"(False, False, False, False, False, False, False, False, False, False, False, False, True, False, False, False, False, False, False, False, False, False, False, False, 'LOIN', False, True, False, True, False, True, False, False)",DOWN,-1.2000000000000002
"(False, False, False, False, False, False, False, False, False, False, False, False, True, False, False, False, False, False, False, False, False, False, False, False, 'LOIN', False, True, False, True, False, True, False, False)",RIGHT,-1.2000000000000002
"(False, False, False, False, False, False, False, True, False, False, False, False, False, False, False, False, False, False, False, False, False, False, False, False, 'LOIN', False, True, False, True, False, False, True, False)",DOWN,-1.2000000000000002
"(False, False, False, False, False, False, False, False, False, False, False, True, False, False, False, False, False, False, False, False, False, False, False, False, 'LOIN', False, True, False, True, True, False, False, False)",DOWN,-2.3520000000000003
"(False, False, False, False, False, False, False, False, False, False, False, True, False, False, False, False, False, False, False, False, False, False, False, False, 'LOIN', False, True, False, True, True, False, False, False)",RIGHT,-1.2000000000000002
"(False, False, False, False, False, False, False, True, False, False, False, False, False, False, False, False, False, False, False, False, False, False, False, False, 'LOIN', False, True, False, True, False, False, True, False)",LEFT,-1.2000000000000002
"(False, False, False, False, False, False, False, True, False, False, False, False, False, False, False, False, False, False, False, False, False, False, False, False, 'LOIN', False, True, False, True, False, False, True, False)",RIGHT,-1.2000000000000002
"(False, False, False, False, False, False, False, True, False, False, False, False, False, False, False, False, False, False, False, False, False, False, False, False, 'MOYEN', False, True, False, True, False, False, True, False)",LEFT,-1.2000000000000002
"(False, False, False, False, False, False, False, True, False, False, False, False, False, False, False, False, False, False, False, False, False, False, False, False, 'MOYEN', False, True, False, True, False, False, True, False)",DOWN,-1.2000000000000002
"(False, False, False, False, False, False, False, False, False, False, False, True, False, False, False, False, False, False, False, False, False, False, False, False, 'MOYEN', False, True, False, True, True, False, False, False)",UP,-1.2000000000000002
"(False, False, False, False, False, False, False, False, False, False, False, True, False, False, False, False, False, False, False, False, False, False, False, False, 'PROCHE', False, True, False, True, True, False, False, False)",UP,-1.2000000000000002
"(False, False, False, False, False, False, False, False, False, False, False, True, False, False, False, False, False, False, False, False, False, False, False, False, 'PROCHE', False, True, False, False, True, False, False, False)",DOWN,-1.2000000000000002
"(False, False, False, False, False, False, False, False, False, False, False, True, False, False, False, False, False, False, False, False, False, False, False, False, 'PROCHE', False, True, True, False, True, False, False, False)",LEFT,-1.2000000000000002
"(False, False, False, False, False, False, False, False, False, False, False, False, False, False, False, False, True, False, False, False, False, False, False, False, 'MOYEN', False, True, True, False, False, False, False, True)",RIGHT,-1.2000000000000002
"(False, False, False, False, False, False, False, False, False, False, False, False, False, False, False, False, True, False, False, False, False, False, False, False, 'MOYEN', False, True, True, False, False, False, False, True)",DOWN,-1.2000000000000002
"(False, False, False, False, False, False, False, False, False, False, False, True, False, False, False, False, False, False, False, False, False, False, False, False, 'MOYEN', False, True, True, False, True, False, False, False)",DOWN,-1.2000000000000002
"(False, False, False, False, False, False, False, False, False, False, False, True, False, False, False, False, False, False, False, False, False, False, False, False, 'LOIN', False, True, True, False, True, False, False, False)",RIGHT,-79.89259370410265
"(False, False, False, False, False, False, False, True, False, False, False, False, False, False, False, False, False, False, False, False, False, False, False, False, 'MOYEN', False, True, True, False, False, False, True, False)",DOWN,-1.2000000000000002
"(False, False, False, False, False, False, False, False, False, False, False, True, False, False, False, False, False, False, False, False, False, False, False, False, 'LOIN', False, True, True, False, True, False, False, False)",UP,-79.889796665147
"(False, False, False, False, False, False, False, False, False, False, False, True, False, False, False, False, False, False, False, False, False, False, False, False, 'LOIN', False, True, True, False, True, False, False, False)",LEFT,-77.8921275309434
"(False, False, False, False, False, False, False, False, False, False, False, False, False, False, False, False, True, False, False, False, False, False, False, False, 'LOIN', False, True, True, False, False, False, False, True)",DOWN,-79.889796665147
"(False, False, False, False, False, False, False, False, False, False, False, True, False, False, False, False, False, False, False, False, False, False, False, False, 'LOIN', False, True, True, False, True, False, False, False)",DOWN,-79.889796665147
"(False, False, False, False, False, False, False, False, False, False, False, False, False, False, False, False, True, False, False, False, False, False, False, False, 'LOIN', False, True, True, False, False, False, False, True)",RIGHT,-70.67503405664208
"(False, False, False, False, False, False, False, False, False, False, False, False, False, False, False, False, True, False, False, False, False, False, False, False, 'LOIN', False, True, True, False, False, False, False, True)",LEFT,-79.8881184417736
"(False, False, False, False, False, False, False, False, False, False, False, False, False, False, False, False, True, False, False, False, False, False, False, False, 'LOIN', False, True, True, False, False, False, False, True)",UP,-79.8883033722143
"(False, False, False, False, False, False, False, False, False, False, False, False, True, False, False, False, False, False, False, False, False, False, False, False, 'LOIN', False, True, True, False, False, True, False, False)",DOWN,-79.89259370410265
"(False, False, False, False, False, False, False, False, False, False, False, False, True, False, False, False, False, False, False, False, False, False, False, False, 'LOIN', False, True, True, False, False, True, False, False)",RIGHT,-79.89259370410268
"(False, False, False, False, False, False, False, True, False, False, False, False, False, False, False, False, False, False, False, False, False, False, False, False, 'LOIN', False, True, True, False, False, False, True, False)",LEFT,-67.11049475341888
"(False, False, False, False, False, False, False, True, False, False, False, False, False, False, False, False, False, False, False, False, False, False, False, False, 'LOIN', False, True, True, False, False, False, True, False)",RIGHT,-79.89259370410265
"(False, False, False, False, False, False, False, True, False, False, False, False, False, False, False, False, False, False, False, False, False, False, False, False, 'LOIN', False, True, True, False, False, False, True, False)",UP,-79.89259370410265
"(False, False, False, False, False, False, False, False, False, False, False, False, True, False, False, False, False, False, False, False, False, False, False, False, 'LOIN', False, True, True, False, False, True, False, False)",LEFT,-79.889796665147
"(False, False, False, False, False, False, False, True, False, False, False, False, False, False, False, False, False, False, False, False, False, False, False, False, 'LOIN', False, True, True, False, False, False, True, False)",DOWN,-79.88811844177376
"(False, False, False, False, False, False, False, False, False, False, False, False, True, False, False, False, False, False, False, False, False, False, False, False, 'LOIN', False, True, True, False, False, True, False, False)",UP,-79.89259370410265
"(False, False, False, False, False, False, False, False, False, False, False, False, True, False, False, False, False, False, False, False, False, False, False, False, 'MOYEN', False, True, True, False, False, True, False, False)",LEFT,-4.20352
"(False, False, False, False, False, False, False, True, False, False, False, False, False, False, False, False, False, False, False, False, False, False, False, False, 'MOYEN', False, True, True, False, False, False, True, False)",UP,-3.2
"(False, False, False, False, False, False, False, False, False, False, False, False, True, False, False, False, False, False, False, False, False, False, False, False, 'MOYEN', False, True, True, False, False, True, False, False)",RIGHT,-3.2
"(False, False, False, False, False, False, False, True, False, False, False, False, False, False, False, False, False, False, False, False, False, False, False, False, 'MOYEN', False, False, True, False, False, False, True, False)",DOWN,-3.2
"(False, False, False, False, False, False, False, False, False, False, False, True, False, False, False, False, False, False, False, False, False, False, False, False, 'MOYEN', False, False, True, False, True, False, False, False)",LEFT,-3.2
"(False, False, False, False, False, False, False, False, False, False, False, False, False, False, False, False, True, False, False, False, False, False, False, False, 'MOYEN', False, True, True, False, False, False, False, True)",UP,-3.2
"(False, False, False, False, False, False, False, False, False, False, False, False, True, False, False, False, False, False, False, False, False, False, False, False, 'MOYEN', False, True, True, False, False, True, False, False)",UP,-3.2
"(False, False, False, False, False, False, False, False, False, False, False, False, True, False, False, False, False, False, False, False, False, False, False, False, 'MOYEN', False, True, True, False, False, True, False, False)",DOWN,-3.2
"(False, False, False, False, False, False, False, False, False, False, False, False, True, False, False, False, False, False, False, False, False, False, False, False, 'PROCHE', False, True, True, False, False, True, False, False)",RIGHT,-3.2
"(False, False, False, False, False, False, False, True, False, False, False, False, False, False, False, False, False, False, False, False, False, False, False, False, 'PROCHE', False, False, True, False, False, False, True, False)",UP,2.0
"(False, False, False, False, False, False, False, False, False, False, False, False, True, False, False, False, False, False, False, False, False, False, False, False, 'LOIN', True, False, False, True, False, True, False, False)",LEFT,-1.2000000000000002
"(False, False, False, False, False, False, False, False, False, False, False, False, False, False, False, False, True, True, False, False, False, False, False, False, 'LOIN', True, False, False, True, False, False, False, True)",UP,-43.130427621054714
"(False, False, False, False, False, False, False, False, False, False, False, False, True, False, False, False, False, True, False, False, False, False, False, False, 'LOIN', True, False, False, True, False, True, False, False)",UP,-46.277281724395
"(False, False, False, False, False, False, False, False, False, False, False, False, True, True, False, False, False, False, False, False, False, False, False, False, 'LOIN', True, False, False, True, False, True, False, False)",LEFT,-40.94410477445594
"(False, False, False, False, False, False, False, False, False, False, False, False, False, False, False, False, True, True, False, False, False, False, False, False, 'LOIN', True, False, False, True, False, False, False, True)",LEFT,-41.531775972791976
"(False, False, False, False, False, False, False, False, False, False, False, False, False, False, False, False, True, False, False, False, False, True, False, False, 'LOIN', True, False, False, True, False, False, False, True)",DOWN,-41.64134701119631
"(False, False, False, False, False, False, False, False, False, False, False, True, False, False, False, True, False, False, False, False, False, False, False, False, 'LOIN', True, False, False, True, True, False, False, False)",LEFT,-36.16910791312749
"(False, False, False, False, False, False, False, False, False, False, False, False, False, False, False, True, True, False, False, False, False, False, False, False, 'LOIN', True, False, False, True, False, False, False, True)",DOWN,-34.063895617715964
"(False, False, False, False, False, False, False, False, False, False, False, True, False, False, False, True, False, False, False, False, False, False, False, False, 'LOIN', True, False, False, True, True, False, False, False)",UP,-37.19617142509345
"(False, False, False, False, False, False, False, False, False, False, True, True, False, False, False, False, False, False, False, False, False, False, False, False, 'LOIN', True, False, False, True, True, False, False, False)",LEFT,-37.97121681686967
"(False, False, False, False, False, False, False, False, False, False, False, False, False, False, False, True, True, False, False, False, False, False, False, False, 'LOIN', True, False, False, True, False, False, False, True)",UP,-34.88651228867902
"(False, False, False, False, False, False, False, False, False, False, False, False, True, False, False, False, False, True, False, False, False, False, False, False, 'LOIN', True, False, False, True, False, True, False, False)",RIGHT,-45.0440090636692
"(False, False, False, False, False, False, False, True, True, False, False, False, False, False, False, False, False, False, False, False, False, False, False, False, 'LOIN', True, False, False, True, False, False, True, False)",UP,-42.21947577915213
"(False, False, False, False, False, False, False, False, True, False, False, False, True, False, False, False, False, False, False, False, False, False, False, False, 'LOIN', True, False, False, True, False, True, False, False)",DOWN,-44.713831266751356
"(False, False, False, False, False, False, False, False, False, False, False, False, True, True, False, False, False, False, False, False, False, False, False, False, 'LOIN', True, False, False, True, False, True, False, False)",UP,-47.90086388661494
"(False, False, False, False, False, False, False, False, False, False, False, False, True, True, False, False, False, False, False, False, False, False, False, False, 'LOIN', True, False, False, True, False, True, False, False)",DOWN,-47.90086388661494
"(False, False, False, False, False, False, False, False, False, False, False, False, True, True, False, False, False, False, False, False, False, False, False, False, 'LOIN', True, False, False, True, False, True, False, False)",RIGHT,-47.44371148782083
"(False, False, False, False, False, False, False, True, True, False, False, False, False, False, False, False, False, False, False, False, False, False, False, False, 'LOIN', True, False, False, True, False, False, True, False)",LEFT,-42.29780699571675
"(False, False, True, False, False, False, False, True, False, False, False, False, False, False, False, False, False, False, False, False, False, False, False, False, 'LOIN', True, False, False, True, False, False, True, False)",DOWN,-41.44735010134368
"(False, False, False, False, False, False, True, False, False, False, False, True, False, False, False, False, False, False, False, False, False, False, False, False, 'LOIN', True, False, False, True, True, False, False, False)",LEFT,-34.307972113341094
"(False, False, False, False, False, False, False, False, False, False, False, False, False, False, False, True, True, False, False, False, False, False, False, False, 'LOIN', True, False, False, True, False, False, False, True)",LEFT,-36.53917922612446
"(False, False, False, False, False, False, False, False, False, False, False, False, False, False, False, False, True, False, False, False, False, True, False, False, 'LOIN', True, False, False, True, False, False, False, True)",LEFT,-41.20808355727782
"(False, False, False, False, False, False, False, False, False, False, False, False, False, False, False, False, True, False, False, False, False, True, False, False, 'LOIN', True, False, False, True, False, False, False, True)",UP,-41.464602713429976
"(False, False, False, False, False, False, False, False, False, False, False, False, True, False, False, False, False, True, False, False, False, False, False, False, 'LOIN', True, False, False, True, False, True, False, False)",DOWN,-45.25436090681214
"(False, False, False, False, False, False, False, False, False, False, False, False, False, False, False, False, True, True, False, False, False, False, False, False, 'LOIN', True, False, False, True, False, False, False, True)",RIGHT,-42.31420235516705
"(False, False, False, False, False, False, False, False, False, False, False, False, False, False, False, False, True, False, False, False, False, True, False, False, 'LOIN', True, False, False, True, False, False, False, True)",RIGHT,-41.20808355727782
"(False, False, False, False, False, False, False, False, False, False, False, False, True, False, False, False, False, True, False, False, False, False, False, False, 'LOIN', True, False, False, True, False, True, False, False)",LEFT,-39.00982024447464
"(False, False, False, False, False, False, False, False, False, False, False, False, False, False, False, False, True, True, False, False, False, False, False, False, 'LOIN', True, False, False, True, False, False, False, True)",DOWN,-41.94502143335109
"(False, False, False, False, False, False, False, False, False, False, False, True, False, False, False, True, False, False, False, False, False, False, False, False, 'LOIN', True, False, False, True, True, False, False, False)",RIGHT,-37.14956798677193
"(False, False, False, False, False, False, True, True, False, False, False, False, False, False, False, False, False, False, False, False, False, False, False, False, 'LOIN', True, False, False, True, False, False, True, False)",DOWN,-37.159285725946816
"(False, False, False, False, False, False, True, False, False, False, False, True, False, False, False, False, False, False, False, False, False, False, False, False, 'LOIN', True, False, False, True, True, False, False, False)",RIGHT,-35.58847675563198
"(False, False, False, False, False, False, True, True, False, False, False, False, False, False, False, False, False, False, False, False, False, False, False, False, 'LOIN', True, False, False, True, False, False, True, False)",LEFT,-35.41672727815584
"(False, False, True, False, False, False, False, True, False, False, False, False, False, False, False, False, False, False, False, False, False, False, False, False, 'LOIN', True, False, False, True, False, False, True, False)",UP,-43.229682846778154
"(False, False, False, False, False, False, False, False, True, False, False, False, True, False, False, False, False, False, False, False, False, False, False, False, 'LOIN', True, False, False, True, False, True, False, False)",LEFT,-45.132214826847374
"(False, False, False, False, False, False, False, False, False, False, False, True, False, False, False, True, False, False, False, False, False, False, False, False, 'LOIN', True, False, False, True, True, False, False, False)",DOWN,-36.34466382900652
"(False, False, False, False, False, False, False, False, False, False, True, True, False, False, False, False, False, False, False, False, False, False, False, False, 'LOIN', True, False, False, True, True, False, False, False)",UP,-38.406315593584715
"(False, False, False, False, False, False, False, False, False, False, True, True, False, False, False, False, False, False, False, False, False, False, False, False, 'LOIN', True, False, False, True, True, False, False, False)",DOWN,-37.05822448774722
"(False, False, False, False, False, False, False, False, False, False, True, True, False, False, False, False, False, False, False, False, False, False, False, False, 'LOIN', True, False, False, True, True, False, False, False)",RIGHT,-37.81898137934254
"(False, False, False, False, False, False, True, True, False, False, False, False, False, False, False, False, False, False, False, False, False, False, False, False, 'LOIN', True, False, False, True, False, False, True, False)",RIGHT,-37.17070224825071
"(False, False, True, False, False, False, False, True, False, False, False, False, False, False, False, False, False, False, False, False, False, False, False, False, 'LOIN', True, False, False, True, False, False, True, False)",LEFT,-42.20725717263745
"(False, False, True, False, False, False, False, True, False, False, False, False, False, False, False, False, False, False, False, False, False, False, False, False, 'LOIN', True, False, False, True, False, False, True, False)",RIGHT,-42.20725717263745
"(False, False, False, False, False, False, True, False, False, False, False, True, False, False, False, False, False, False, False, False, False, False, False, False, 'LOIN', True, False, False, True, True, False, False, False)",UP,-34.07370177641052
"(False, False, False, False, False, False, True, True, False, False, False, False, False, False, False, False, False, False, False, False, False, False, False, False, 'LOIN', True, False, False, True, False, False, True, False)",UP,-36.299550067878116
"(False, False, False, False, False, False, False, False, True, False, False, False, True, False, False, False, False, False, False, False, False, False, False, False, 'LOIN', True, False, False, True, False, True, False, False)",UP,-45.7773783867006
"(False, False, False, False, False, False, False, True, True, False, False, False, False, False, False, False, False, False, False, False, False, False, False, False, 'LOIN', True, False, False, True, False, False, True, False)",DOWN,-42.06195262927736
"(False, False, False, False, False, False, True, False, False, False, False, True, False, False, False, False, False, False, False, False, False, False, False, False, 'LOIN', True, False, False, True, True, False, False, False)",DOWN,-34.061036964608824
"(False, False, False, False, False, False, False, False, False, False, False, False, False, False, False, True, True, False, False, False, False, False, False, False, 'LOIN', True, False, False, True, False, False, False, True)",RIGHT,-35.73157908871593
"(False, False, False, False, False, False, False, False, True, False, False, False, True, False, False, False, False, False, False, False, False, False, False, False, 'LOIN', True, False, False, True, False, True, False, False)",RIGHT,-44.74926709931065
"(False, False, False, False, False, False, False, True, True, False, False, False, False, False, False, False, False, False, False, False, False, False, False, False, 'LOIN', True, False, False, True, False, False, True, False)",RIGHT,-43.00614388848434
"(False, False, False, False, False, False, False, False, False, False, False, True, False, False, False, True, False, False, False, False, False, False, False, False, 'LOIN', True, False, False, False, True, False, False, False)",LEFT,-36.37853933767698
"(False, False, False, False, False, False, False, False, False, False, False, False, False, False, False, True, True, False, False, False, False, False, False, False, 'LOIN', True, False, False, False, False, False, False, True)",DOWN,-40.40775298609781
"(False, False, False, False, False, False, False, False, False, False, False, True, False, False, False, True, False, False, False, False, False, False, False, False, 'LOIN', True, False, True, False, True, False, False, False)",RIGHT,-45.725102646715165
"(False, False, False, False, False, False, True, True, False, False, False, False, False, False, False, False, False, False, False, False, False, False, False, False, 'LOIN', True, False, True, False, False, False, True, False)",RIGHT,-42.223213634492716
"(False, False, True, False, False, False, False, True, False, False, False, False, False, False, False, False, False, False, False, False, False, False, False, False, 'LOIN', True, False, True, False, False, False, True, False)",DOWN,-40.442486769227834
"(False, False, False, False, False, False, True, False, False, False, False, True, False, False, False, False, False, False, False, False, False, False, False, False, 'LOIN', True, False, True, False, True, False, False, False)",LEFT,-45.75447315227096
"(False, False, False, False, False, False, False, False, False, False, False, False, False, False, False, True, True, False, False, False, False, False, False, False, 'LOIN', True, False, True, False, False, False, False, True)",LEFT,-42.18127096117405
"(False, False, False, False, False, False, False, False, False, False, False, False, False, False, False, False, True, False, False, False, False, True, False, False, 'LOIN', True, False, True, False, False, False, False, True)",LEFT,-40.033055385614894
"(False, False, False, False, False, False, False, False, False, False, False, False, False, False, False, False, True, False, False, False, False, True, False, False, 'LOIN', True, False, True, False, False, False, False, True)",DOWN,-41.04833243025714
"(False, False, False, False, False, False, False, False, False, False, False, True, False, False, False, True, False, False, False, False, False, False, False, False, 'LOIN', True, False, True, False, True, False, False, False)",DOWN,-45.66421806413259
"(False, False, False, False, False, False, False, False, False, False, True, True, False, False, False, False, False, False, False, False, False, False, False, False, 'LOIN', True, False, True, False, True, False, False, False)",RIGHT,-47.65730440009127
"(False, False, False, False, False, False, True, True, False, False, False, False, False, False, False, False, False, False, False, False, False, False, False, False, 'LOIN', True, False, True, False, False, False, True, False)",LEFT,-41.42205547236342
"(False, False, True, False, False, False, False, True, False, False, False, False, False, False, False, False, False, False, False, False, False, False, False, False, 'LOIN', True, False, True, False, False, False, True, False)",RIGHT,-40.033055385614894
"(False, False, True, False, False, False, False, True, False, False, False, False, False, False, False, False, False, False, False, False, False, False, False, False, 'LOIN', True, False, True, False, False, False, True, False)",UP,-40.40101673216111
"(False, False, False, False, False, False, False, False, True, False, False, False, True, False, False, False, False, False, False, False, False, False, False, False, 'LOIN', True, False, True, False, False, True, False, False)",RIGHT,-36.268711180467335
"(False, False, False, False, False, False, False, True, True, False, False, False, False, False, False, False, False, False, False, False, False, False, False, False, 'LOIN', True, False, True, False, False, False, True, False)",RIGHT,-32.77006408615528
"(False, False, True, False, False, False, False, True, False, False, False, False, False, False, False, False, False, False, False, False, False, False, False, False, 'LOIN', True, False, True, False, False, False, True, False)",LEFT,-40.033055385614894
"(False, False, False, False, False, False, True, False, False, False, False, True, False, False, False, False, False, False, False, False, False, False, False, False, 'LOIN', True, False, True, False, True, False, False, False)",RIGHT,-44.992162864299225
"(False, False, False, False, False, False, True, True, False, False, False, False, False, False, False, False, False, False, False, False, False, False, False, False, 'LOIN', True, False, True, False, False, False, True, False)",DOWN,-43.10116549256035
"(False, False, False, False, False, False, True, False, False, False, False, True, False, False, False, False, False, False, False, False, False, False, False, False, 'LOIN', True, False, True, False, True, False, False, False)",DOWN,-46.285906547453365
"(False, False, False, False, False, False, False, False, False, False, True, True, False, False, False, False, False, False, False, False, False, False, False, False, 'LOIN', True, False, True, False, True, False, False, False)",LEFT,-47.68514934004723
"(False, False, False, False, False, False, False, False, False, False, False, False, False, False, False, True, True, False, False, False, False, False, False, False, 'LOIN', True, False, True, False, False, False, False, True)",UP,-41.6374304121945
"(False, False, False, False, False, False, False, False, False, False, False, False, True, False, False, False, False, True, False, False, False, False, False, False, 'LOIN', True, False, True, False, False, True, False, False)",DOWN,-34.8878696676591
"(False, False, False, False, False, False, False, False, False, False, False, False, True, True, False, False, False, False, False, False, False, False, False, False, 'LOIN', True, False, True, False, False, True, False, False)",UP,-34.08316939883929
"(False, False, False, False, False, False, False, False, False, False, False, False, True, True, False, False, False, False, False, False, False, False, False, False, 'LOIN', True, False, True, False, False, True, False, False)",LEFT,-34.57101847540142
"(False, False, False, False, False, False, False, False, False, False, False, False, False, False, False, False, True, True, False, False, False, False, False, False, 'LOIN', True, False, True, False, False, False, False, True)",UP,-35.92822909382168
"(False, False, False, False, False, False, False, False, False, False, False, False, True, False, False, False, False, True, False, False, False, False, False, False, 'LOIN', True, False, True, False, False, True, False, False)",UP,-33.81117360908932
"(False, False, False, False, False, False, False, False, False, False, False, False, True, True, False, False, False, False, False, False, False, False, False, False, 'LOIN', True, False, True, False, False, True, False, False)",RIGHT,-32.92702948756383
"(False, False, False, False, False, False, False, True, True, False, False, False, False, False, False, False, False, False, False, False, False, False, False, False, 'LOIN', True, False, True, False, False, False, True, False)",UP,-34.88363543092103
"(False, False, False, False, False, False, False, False, True, False, False, False, True, False, False, False, False, False, False, False, False, False, False, False, 'LOIN', True, False, False, False, False, True, False, False)",LEFT,-35.04942857823697
"(False, False, False, False, False, False, False, False, False, False, False, False, False, False, False, False, True, True, False, False, False, False, False, False, 'LOIN', True, False, False, False, False, False, False, True)",DOWN,-39.99467482031064
"(False, False, False, False, False, False, False, False, False, False, False, True, False, False, False, True, False, False, False, False, False, False, False, False, 'LOIN', True, False, True, False, True, False, False, False)",LEFT,-45.094180791315
"(False, False, False, False, False, False, False, False, False, False, False, False, False, False, False, True, True, False, False, False, False, False, False, False, 'LOIN', True, False, True, False, False, False, False, True)",RIGHT,-41.7738552120249
"(False, False, False, False, False, False, False, False, False, False, False, False, False, False, False, False, True, False, False, False, False, True, False, False, 'LOIN', True, False, True, False, False, False, False, True)",RIGHT,-40.033055385614894
"(False, False, False, False, False, False, False, False, False, False, False, False, False, False, False, False, True, False, False, False, False, True, False, False, 'LOIN', True, False, True, False, False, False, False, True)",UP,-39.95501608133332
"(False, False, False, False, False, False, False, False, False, False, False, False, True, False, False, False, False, True, False, False, False, False, False, False, 'LOIN', True, False, False, False, False, True, False, False)",RIGHT,-37.72119820663616
"(False, False, False, False, False, False, False, True, True, False, False, False, False, False, False, False, False, False, False, False, False, False, False, False, 'LOIN', True, False, False, False, False, False, True, False)",DOWN,-40.29871510001438
"(False, False, False, False, False, False, True, False, False, False, False, True, False, False, False, False, False, False, False, False, False, False, False, False, 'LOIN', True, False, True, False, True, False, False, False)",UP,-45.52382083264365
"(False, False, False, False, False, False, False, False, False, False, True, True, False, False, False, False, False, False, False, False, False, False, False, False, 'LOIN', True, False, True, False, True, False, False, False)",DOWN,-47.41204455493902
"(False, False, False, False, False, False, False, False, False, False, True, True, False, False, False, False, False, False, False, False, False, False, False, False, 'LOIN', True, False, True, False, True, False, False, False)",UP,-47.41204455493902
"(False, False, False, False, False, False, True, True, False, False, False, False, False, False, False, False, False, False, False, False, False, False, False, False, 'LOIN', True, False, True, False, False, False, True, False)",UP,-41.78696766595578
"(False, False, False, False, False, False, False, False, True, False, False, False, True, False, False, False, False, False, False, False, False, False, False, False, 'LOIN', True, False, True, False, False, True, False, False)",LEFT,-36.33645649744659
"(False, False, False, False, False, False, False, False, False, False, False, False, False, False, False, False, True, True, False, False, False, False, False, False, 'LOIN', True, False, True, False, False, False, False, True)",LEFT,-35.43473045648082
"(False, False, False, False, False, False, False, False, False, False, False, True, False, False, False, True, False, False, False, False, False, False, False, False, 'LOIN', True, False, True, False, True, False, False, False)",UP,-46.52507906146032
"(False, False, False, False, False, False, False, False, False, False, False, False, False, False, False, True, True, False, False, False, False, False, False, False, 'LOIN', True, False, True, False, False, False, False, True)",DOWN,-43.44781347697027
"(False, False, False, False, False, False, False, False, False, False, False, False, True, False, False, False, False, True, False, False, False, False, False, False, 'LOIN', True, False, True, False, False, True, False, False)",LEFT,-34.52265153355624
"(False, False, False, False, False, False, False, False, False, False, False, False, False, False, False, False, True, True, False, False, False, False, False, False, 'LOIN', True, False, True, False, False, False, False, True)",RIGHT,-33.74255627334377
"(False, False, False, False, False, False, False, False, False, False, False, False, True, False, False, False, False, True, False, False, False, False, False, False, 'LOIN', True, False, True, False, False, True, False, False)",RIGHT,-34.867635094530364
"(False, False, False, False, False, False, False, True, True, False, False, False, False, False, False, False, False, False, False, False, False, False, False, False, 'LOIN', True, False, True, False, False, False, True, False)",LEFT,-34.088564853872036
"(False, False, False, False, False, False, False, False, True, False, False, False, True, False, False, False, False, False, False, False, False, False, False, False, 'LOIN', True, False, True, False, False, True, False, False)",UP,-36.17018334846498
"(False, False, False, False, False, False, False, False, False, False, False, False, True, True, False, False, False, False, False, False, False, False, False, False, 'LOIN', True, False, True, False, False, True, False, False)",DOWN,-34.025799980661496
"(False, False, False, False, False, False, False, False, False, False, False, False, False, False, False, False, True, True, False, False, False, False, False, False, 'LOIN', True, False, True, False, False, False, False, True)",DOWN,-35.55336216111347
"(False, False, False, False, False, False, False, False, True, False, False, False, True, False, False, False, False, False, False, False, False, False, False, False, 'LOIN', True, False, True, False, False, True, False, False)",DOWN,-31.728835228545574
"(False, False, False, False, False, False, False, True, True, False, False, False, False, False, False, False, False, False, False, False, False, False, False, False, 'LOIN', True, False, True, False, False, False, True, False)",DOWN,-35.96457274864188
"(False, False, False, False, False, False, False, False, False, False, False, False, True, False, False, False, False, True, False, False, False, False, False, False, 'LOIN', True, False, False, False, False, True, False, False)",UP,-37.68569044457908
"(False, False, False, False, False, False, True, False, False, False, False, True, False, False, False, False, False, False, False, False, False, False, False, False, 'LOIN', True, False, False, False, True, False, False, False)",RIGHT,-37.58274779385206
"(False, False, False, False, False, False, True, True, False, False, False, False, False, False, False, False, False, False, False, False, False, False, False, False, 'LOIN', True, False, False, False, False, False, True, False)",RIGHT,-38.79239066755275
"(False, False, True, False, False, False, False, True, False, False, False, False, False, False, False, False, False, False, False, False, False, False, False, False, 'LOIN', True, False, False, False, False, False, True, False)",RIGHT,-47.41204455493902
"(False, False, True, False, False, False, False, True, False, False, False, False, False, False, False, False, False, False, False, False, False, False, False, False, 'LOIN', True, False, False, False, False, False, True, False)",UP,-47.43374557550962
"(False, False, False, False, False, False, False, False, False, False, False, True, False, False, False, True, False, False, False, False, False, False, False, False, 'LOIN', True, False, False, False, True, False, False, False)",DOWN,-37.728086539017205
"(False, False, False, False, False, False, False, False, True, False, False, False, True, False, False, False, False, False, False, False, False, False, False, False, 'LOIN', True, False, False, False, False, True, False, False)",DOWN,-35.71460506487529
"(False, False, False, False, False, False, False, False, False, False, True, True, False, False, False, False, False, False, False, False, False, False, False, False, 'LOIN', True, False, False, False, True, False, False, False)",DOWN,-31.789508953714858
"(False, False, False, False, False, False, False, False, False, False, False, False, True, True, False, False, False, False, False, False, False, False, False, False, 'LOIN', True, False, False, False, False, True, False, False)",LEFT,-34.52543727824091
"(False, False, False, False, False, False, False, False, False, False, False, False, False, False, False, False, True, True, False, False, False, False, False, False, 'LOIN', True, False, False, False, False, False, False, True)",UP,-40.98175478378369
"(False, False, False, False, False, False, False, False, False, False, True, True, False, False, False, False, False, False, False, False, False, False, False, False, 'LOIN', True, False, False, False, True, False, False, False)",UP,-32.30279082866865
"(False, False, False, False, False, False, False, False, False, False, False, False, True, False, False, False, False, True, False, False, False, False, False, False, 'LOIN', True, False, False, False, False, True, False, False)",LEFT,-39.15949383439969
"(False, False, False, False, False, False, False, False, False, False, False, False, False, False, False, False, True, True, False, False, False, False, False, False, 'LOIN', True, False, False, False, False, False, False, True)",LEFT,-41.37468344748436
"(False, False, False, False, False, False, False, False, False, False, False, False, False, False, False, False, True, False, False, False, False, True, False, False, 'LOIN', True, False, False, False, False, False, False, True)",UP,-47.03900180065566
"(False, False, False, False, False, False, False, False, False, False, True, True, False, False, False, False, False, False, False, False, False, False, False, False, 'LOIN', True, False, False, False, True, False, False, False)",LEFT,-27.69793498355011
"(False, False, False, False, False, False, False, False, False, False, False, False, False, False, False, True, True, False, False, False, False, False, False, False, 'LOIN', True, False, False, False, False, False, False, True)",RIGHT,-40.166529793655776
"(False, False, False, False, False, False, False, False, False, False, False, False, False, False, False, False, True, False, False, False, False, True, False, False, 'LOIN', True, False, False, False, False, False, False, True)",DOWN,-46.77512390684678
"(False, False, False, False, False, False, False, False, False, False, False, False, True, False, False, False, False, True, False, False, False, False, False, False, 'LOIN', True, False, False, False, False, True, False, False)",DOWN,-39.06913884027593
"(False, False, False, False, False, False, False, False, False, False, True, True, False, False, False, False, False, False, False, False, False, False, False, False, 'LOIN', True, False, False, False, True, False, False, False)",RIGHT,-28.273309221877106
"(False, False, False, False, False, False, True, True, False, False, False, False, False, False, False, False, False, False, False, False, False, False, False, False, 'LOIN', True, False, False, False, False, False, True, False)",UP,-39.23796053523718
"(False, False, False, False, False, False, True, True, False, False, False, False, False, False, False, False, False, False, False, False, False, False, False, False, 'LOIN', True, False, False, False, False, False, True, False)",LEFT,-39.931903691336004
"(False, False, True, False, False, False, False, True, False, False, False, False, False, False, False, False, False, False, False, False, False, False, False, False, 'LOIN', True, False, False, False, False, False, True, False)",DOWN,-46.57922284942887
"(False, False, False, False, False, False, False, False, False, False, False, False, True, True, False, False, False, False, False, False, False, False, False, False, 'LOIN', True, False, False, False, False, True, False, False)",DOWN,-36.030986758178265
"(False, False, False, False, False, False, False, False, False, False, False, False, False, False, False, True, True, False, False, False, False, False, False, False, 'LOIN', True, False, False, False, False, False, False, True)",UP,-39.11501602025699
"(False, False, False, False, False, False, False, False, False, False, False, True, False, False, False, True, False, False, False, False, False, False, False, False, 'LOIN', True, False, False, False, True, False, False, False)",RIGHT,-37.252822624941
"(False, False, False, False, False, False, True, True, False, False, False, False, False, False, False, False, False, False, False, False, False, False, False, False, 'LOIN', True, False, False, False, False, False, True, False)",DOWN,-41.17194264962251
"(False, False, False, False, False, False, False, False, False, False, False, False, True, True, False, False, False, False, False, False, False, False, False, False, 'LOIN', True, False, False, False, False, True, False, False)",RIGHT,-33.83280278168056
"(False, False, False, False, False, False, False, True, True, False, False, False, False, False, False, False, False, False, False, False, False, False, False, False, 'LOIN', True, False, False, False, False, False, True, False)",RIGHT,-38.70871956597236
"(False, False, True, False, False, False, False, True, False, False, False, False, False, False, False, False, False, False, False, False, False, False, False, False, 'LOIN', True, False, False, False, False, False, True, False)",LEFT,-47.41204455493902
"(False, False, False, False, False, False, True, False, False, False, False, True, False, False, False, False, False, False, False, False, False, False, False, False, 'LOIN', True, False, False, False, True, False, False, False)",LEFT,-38.33211808222407
"(False, False, False, False, False, False, False, False, False, False, False, False, False, False, False, True, True, False, False, False, False, False, False, False, 'LOIN', True, False, False, False, False, False, False, True)",LEFT,-39.32053588957372
"(False, False, False, False, False, False, False, False, False, False, False, False, False, False, False, False, True, False, False, False, False, True, False, False, 'LOIN', True, False, False, False, False, False, False, True)",LEFT,-47.41204455493902
"(False, False, False, False, False, False, False, False, False, False, False, False, False, False, False, False, True, False, False, False, False, True, False, False, 'LOIN', True, False, False, False, False, False, False, True)",RIGHT,-40.04337046244918
"(False, False, False, False, False, False, False, False, True, False, False, False, True, False, False, False, False, False, False, False, False, False, False, False, 'LOIN', True, False, False, False, False, True, False, False)",RIGHT,-33.39069751798606
"(False, False, False, False, False, False, False, True, True, False, False, False, False, False, False, False, False, False, False, False, False, False, False, False, 'LOIN', True, False, False, False, False, False, True, False)",UP,-39.229338463692514
"(False, False, False, False, False, False, False, False, False, False, False, True, False, False, False, True, False, False, False, False, False, False, False, False, 'LOIN', True, False, False, False, True, False, False, False)",UP,-35.686914197794344
"(False, False, False, False, False, False, False, False, False, False, False, False, False, False, False, False, True, True, False, False, False, False, False, False, 'LOIN', True, False, False, False, False, False, False, True)",RIGHT,-39.71548373341995
"(False, False, False, False, False, False, False, True, True, False, False, False, False, False, False, False, False, False, False, False, False, False, False, False, 'LOIN', True, False, False, False, False, False, True, False)",LEFT,-39.86562753851432
"(False, False, False, False, False, False, False, False, False, False, False, False, True, True, False, False, False, False, False, False, False, False, False, False, 'LOIN', True, False, False, False, False, True, False, False)",UP,-32.25583189324411
"(False, False, False, False, False, False, False, False, True, False, False, False, True, False, False, False, False, False, False, False, False, False, False, False, 'LOIN', True, False, False, False, False, True, False, False)",UP,-36.98842151905358
"(False, False, False, False, False, False, True, False, False, False, False, True, False, False, False, False, False, False, False, False, False, False, False, False, 'LOIN', True, False, False, False, True, False, False, False)",DOWN,-39.51390402217598
"(False, False, False, False, False, False, True, False, False, False, False, True, False, False, False, False, False, False, False, False, False, False, False, False, 'LOIN', True, False, False, False, True, False, False, False)",UP,-39.87897607935706
"(False, False, False, False, False, False, False, False, False, False, False, False, True, False, False, False, False, True, False, False, False, False, False, False, 'MOYEN', True, False, True, False, False, True, False, False)",DOWN,-3.2
"(False, False, False, False, False, False, False, False, False, False, False, False, True, True, False, False, False, False, False, False, False, False, False, False, 'MOYEN', True, False, False, False, False, True, False, False)",LEFT,-3.2
"(False, False, False, False, False, False, False, False, False, False, False, False, False, False, False, False, True, True, False, False, False, False, False, False, 'MOYEN', True, False, False, False, False, False, False, True)",DOWN,-3.2
"(False, False, False, False, False, False, False, False, False, False, False, True, False, False, False, True, False, False, False, False, False, False, False, False, 'MOYEN', True, False, True, False, True, False, False, False)",UP,-3.2
"(False, False, False, False, False, False, False, False, False, False, True, True, False, False, False, False, False, False, False, False, False, False, False, False, 'MOYEN', True, False, True, False, True, False, False, False)",DOWN,-10.381610783413484
"(False, False, False, False, False, False, False, False, False, False, False, False, False, False, False, False, True, False, False, False, False, True, False, False, 'MOYEN', True, False, False, False, False, False, False, True)",RIGHT,-3.2
"(False, False, False, False, False, False, False, False, False, False, False, False, False, False, False, False, True, False, False, False, False, True, False, False, 'MOYEN', True, False, False, False, False, False, False, True)",DOWN,-3.2
"(False, False, False, False, False, False, False, False, False, False, False, True, False, False, False, True, False, False, False, False, False, False, False, False, 'MOYEN', True, False, True, False, True, False, False, False)",DOWN,-10.776212855208389
"(False, False, False, False, False, False, False, False, False, False, False, False, True, True, False, False, False, False, False, False, False, False, False, False, 'MOYEN', True, False, False, False, False, True, False, False)",DOWN,-10.748820954891189
"(False, False, False, False, False, False, False, False, False, False, False, False, False, False, False, False, True, True, False, False, False, False, False, False, 'MOYEN', True, False, False, True, False, False, False, True)",UP,-10.36196404889493
"(False, False, False, False, False, False, False, False, False, False, False, False, False, False, False, False, True, True, False, False, False, False, False, False, 'MOYEN', True, False, False, True, False, False, False, True)",LEFT,-3.2
"(False, False, False, False, False, False, False, False, False, False, False, False, False, False, False, False, True, False, False, False, False, True, False, False, 'MOYEN', True, False, False, True, False, False, False, True)",DOWN,-3.2
"(False, False, False, False, False, False, False, False, False, False, False, True, False, False, False, True, False, False, False, False, False, False, False, False, 'MOYEN', True, False, False, True, True, False, False, False)",DOWN,-3.2
"(False, False, False, False, False, False, False, False, False, False, True, True, False, False, False, False, False, False, False, False, False, False, False, False, 'PROCHE', True, False, False, False, True, False, False, False)",LEFT,-3.2
"(False, False, False, False, False, False, False, False, False, False, False, False, False, False, False, True, True, False, False, False, False, False, False, False, 'PROCHE', True, False, False, False, False, False, False, True)",RIGHT,2.0
"(False, False, False, False, False, False, False, False, False, False, False, False, False, False, False, False, True, False, False, False, False, True, False, False, 'LOIN', False, True, False, True, False, False, False, True)",DOWN,-1.2000000000000002
"(False, False, False, False, False, False, False, False, False, False, False, True, False, False, False, True, False, False, False, False, True, False, False, False, 'LOIN', False, True, False, True, True, False, False, False)",RIGHT,-1.2000000000000002
"(False, False, False, False, False, False, True, True, False, False, False, True, False, False, False, False, False, False, False, False, False, False, False, False, 'LOIN', False, True, False, True, True, False, True, False)",LEFT,-1.2000000000000002
"(False, True, True, False, False, False, False, True, False, False, False, False, False, False, False, False, False, False, False, False, False, False, False, False, 'MOYEN', False, True, False, True, False, False, True, False)",UP,-1.2000000000000002
"(False, False, False, True, False, False, False, False, True, False, False, False, True, False, False, False, False, False, False, False, False, False, False, False, 'LOIN', False, True, False, True, False, True, False, False)",RIGHT,-1.2000000000000002
"(False, False, False, True, False, False, False, True, True, False, False, False, False, False, False, False, False, False, False, False, False, False, False, False, 'MOYEN', False, True, False, True, False, False, True, False)",DOWN,-1.2000000000000002
"(False, False, False, False, False, False, True, True, False, False, False, True, False, False, False, False, False, False, False, False, False, False, False, False, 'MOYEN', False, True, False, True, True, False, True, False)",LEFT,-1.2000000000000002
"(False, False, False, False, False, False, False, False, False, False, False, True, False, False, False, True, True, False, False, False, False, False, False, False, 'MOYEN', False, True, False, True, True, False, False, True)",RIGHT,-1.2000000000000002
"(False, False, False, False, False, False, False, False, False, False, False, False, False, False, False, False, True, False, False, False, True, True, False, False, 'LOIN', False, True, False, True, False, False, False, True)",UP,-1.2000000000000002
"(False, False, False, False, False, False, False, False, False, False, False, False, True, False, False, False, False, True, False, False, False, False, True, False, 'LOIN', False, True, False, True, False, True, False, False)",DOWN,-1.2000000000000002
"(False, False, False, False, False, False, False, False, False, False, False, False, True, True, False, False, False, False, True, False, False, False, False, False, 'LOIN', False, True, False, True, False, True, False, False)",UP,-1.2000000000000002
"(False, False, False, False, False, False, False, False, False, False, False, False, True, True, False, False, False, False, False, False, False, False, False, False, 'LOIN', False, True, False, True, False, True, False, False)",UP,-1.2000000000000002
"(False, False, False, False, False, False, False, False, False, False, False, False, True, True, False, False, False, False, False, False, False, False, False, False, 'LOIN', False, True, False, True, False, True, False, False)",DOWN,-1.2000000000000002
"(False, False, False, False, False, False, False, False, False, False, False, False, True, True, False, False, False, False, False, False, False, False, False, False, 'LOIN', False, True, False, True, False, True, False, False)",RIGHT,-1.2000000000000002
"(False, False, False, False, False, False, False, True, True, True, False, False, False, False, False, False, False, False, False, False, False, False, False, False, 'LOIN', False, True, False, True, False, False, True, False)",RIGHT,-1.2000000000000002
"(False, False, True, True, False, False, False, True, False, False, False, False, False, False, False, False, False, False, False, False, False, False, False, False, 'LOIN', False, True, False, True, False, False, True, False)",UP,-1.2000000000000002
"(False, False, False, True, False, False, False, False, True, False, False, False, True, False, False, False, False, False, False, False, False, False, False, False, 'LOIN', False, True, False, True, False, True, False, False)",LEFT,-1.2000000000000002
"(False, False, False, False, False, False, False, False, False, False, False, False, True, False, False, False, True, True, False, False, False, False, False, False, 'LOIN', False, True, False, True, False, True, False, True)",UP,-1.2000000000000002
"(False, False, False, False, False, False, False, False, False, False, False, False, True, False, False, False, False, True, True, False, False, False, False, False, 'LOIN', False, True, False, True, False, True, False, False)",LEFT,-1.2000000000000002
"(False, False, False, False, False, False, False, False, False, False, False, False, False, False, False, False, True, True, False, False, False, False, True, False, 'LOIN', False, True, False, True, False, False, False, True)",LEFT,-1.2000000000000002
"(False, False, False, False, False, False, False, False, False, False, False, False, False, False, False, False, False, False, False, False, False, False, False, False, 'MOYEN', True, False, True, False, False, False, False, False)",DOWN,-2.928
"(False, False, False, False, False, False, False, False, False, False, False, False, False, False, False, False, False, False, False, False, False, False, False, False, 'MOYEN', True, False, False, False, False, False, False, False)",DOWN,-1.3920000000000001
"(False, False, False, False, False, False, False, False, False, False, False, False, False, False, False, False, False, False, False, False, False, False, False, False, 'PROCHE', True, False, True, False, False, False, False, False)",RIGHT,-1.5763200000000002
"(False, False, False, False, False, False, False, False, False, False, False, False, False, False, False, False, False, False, False, False, False, False, False, False, 'PROCHE', True, False, False, False, False, False, False, False)",LEFT,-1.2000000000000002
"(False, False, False, False, False, False, False, False, False, False, False, False, False, False, False, False, False, False, False, False, False, False, False, False, 'PROCHE', True, False, False, False, False, False, False, False)",UP,-1.2000000000000002
"(False, False, False, False, False, False, False, False, False, False, False, False, False, False, False, False, False, False, False, False, False, False, False, False, 'PROCHE', True, False, False, True, False, False, False, False)",LEFT,-1.2000000000000002
"(False, False, False, False, False, False, False, False, False, False, False, False, False, False, False, False, False, False, False, False, False, False, False, False, 'PROCHE', False, False, False, True, False, False, False, False)",LEFT,-1.2000000000000002
"(False, False, False, False, False, False, False, False, False, False, False, False, False, False, False, False, False, False, False, False, False, False, False, False, 'PROCHE', False, True, False, True, False, False, False, False)",UP,-2.0162852029286342
"(False, False, False, False, False, False, False, False, False, False, False, False, False, False, False, False, False, False, False, False, False, False, False, False, 'MOYEN', False, False, False, True, False, False, False, False)",DOWN,-1.2000000000000002
"(False, False, False, False, False, False, False, False, False, False, False, False, False, False, False, False, False, False, False, False, False, False, False, False, 'PROCHE', False, False, False, True, False, False, False, False)",UP,-1.2000000000000002
"(False, False, False, False, False, False, False, False, False, False, False, False, False, False, False, False, False, False, False, False, False, False, False, False, 'PROCHE', False, False, False, True, False, False, False, False)",DOWN,2.0
"(False, False, False, False, False, False, False, False, False, False, False, True, False, False, False, False, False, False, False, False, False, False, False, False, 'LOIN', False, True, False, False, True, False, False, False)",UP,-13.982098950683781
